{"method": "bm25", "F1": 0.4892737236913162, "BLEU": 0.21891079627727797, "BERTScore": 0.7814797292070309, "LLM_Judge": 0.8987828315182576, "Recall@5": 0.7680973734785393, "Total": 1561}