{"method": "hybrid", "F1": 0.48877969771388563, "BLEU": 0.21917780566518089, "BERTScore": 0.7815769381587281, "LLM_Judge": 0.905829596412556, "Recall@5": 0.7533632286995515, "Total": 1561}