{"method": "dense", "F1": 0.4170430788728259, "BLEU": 0.16133479492140151, "BERTScore": 0.7519155802595394, "LLM_Judge": 0.7027546444586803, "Recall@5": 0.48814862267777065, "Total": 1561}