{"method": "bm25", "F1": 0.44494326066399126, "BLEU": 0.24749696349429576, "BERTScore": 0.7690281629562378, "LLM_Judge": 0.8, "Recall@5": 0.6, "Total": 5}